<?xml version="1.0" encoding="UTF-8"?>
<project-private xmlns="http://www.netbeans.org/ns/project-private/1">
    <editor-bookmarks xmlns="http://www.netbeans.org/ns/editor-bookmarks/1"/>
    <editor-bookmarks xmlns="http://www.netbeans.org/ns/editor-bookmarks/2" lastBookmarkId="0"/>
    <open-files xmlns="http://www.netbeans.org/ns/projectui-open-files/2">
        <group>
            <file>file:/C:/Users/fabix/Desktop/TSS/tss/WebApplicationFT/src/java/pl/webapplicationservlet/main/MainServlet.java</file>
            <file>file:/C:/Users/fabix/Desktop/TSS/tss/WebApplicationFT/src/java/REST/GenericResource.java</file>
            <file>file:/C:/Users/fabix/Desktop/TSS/tss/WebApplicationFT/web/edit.jsp</file>
            <file>file:/C:/Users/fabix/Desktop/TSS/tss/WebApplicationFT/web/index.jsp</file>
            <file>file:/C:/Users/fabix/Desktop/TSS/tss/WebApplicationFT/web/META-INF/context.xml</file>
            <file>file:/C:/Users/fabix/Desktop/TSS/tss/WebApplicationFT/src/java/WS/WSEndpoint.java</file>
            <file>file:/C:/Users/fabix/Desktop/TSS/tss/WebApplicationFT/web/loginPage.jsp</file>
            <file>file:/C:/Users/fabix/Desktop/TSS/tss/WebApplicationFT/web/WEB-INF/web.xml</file>
            <file>file:/C:/Users/fabix/Desktop/TSS/tss/WebApplicationFT/src/java/pl/resources/Osoba.java</file>
            <file>file:/C:/Users/fabix/Desktop/TSS/tss/WebApplicationFT/src/java/pl/data/CRUD.java</file>
            <file>file:/C:/Users/fabix/Desktop/TSS/tss/WebApplicationFT/web/ws.jsp</file>
            <file>file:/C:/Users/fabix/Desktop/TSS/tss/WebApplicationFT/src/java/pl/data/DataLogic.java</file>
            <file>file:/C:/Users/fabix/Desktop/TSS/tss/WebApplicationFT/web/baza.jsp</file>
        </group>
    </open-files>
</project-private>
